,park_name,act_name
0,**********National Mall**********,"['Arts and Culture', 'Boating', 'Food', 'Guided Tours', 'Shopping', 'Wildlife Watching']"
1,Abraham Lincoln Birthplace National Historical Park,"['Astronomy', 'Food', 'Guided Tours', 'Junior Ranger Program', 'Museum Exhibits', 'Park Film', 'Shopping', 'Wildlife Watching']"
2,Acadia National Park,"['Arts and Culture', 'Astronomy', 'Biking', 'Boating', 'Camping', 'Climbing', 'Compass and GPS', 'Fishing', 'Food', 'Guided Tours', 'Hands-On', 'Hiking', 'Horse Trekking', 'Ice Skating', 'Junior Ranger Program', 'Paddling', 'Park Film', 'Shopping', 'Skiing', 'Snow Play', 'Snowmobiling', 'Snowshoeing', 'Swimming', 'Wildlife Watching']"
3,Adams National Historical Park,"['Guided Tours', 'Living History', 'Park Film', 'Shopping']"
4,African American Civil War Memorial,['Guided Tours']
5,African Burial Ground National Monument,"['Arts and Culture', 'Guided Tours', 'Junior Ranger Program', 'Museum Exhibits', 'Park Film', 'Shopping']"
6,Agate Fossil Beds National Monument,"['Arts and Culture', 'Astronomy', 'Food', 'Guided Tours', 'Hiking', 'Junior Ranger Program', 'Museum Exhibits', 'Park Film', 'Shopping', 'Wildlife Watching']"
7,Ala Kahakai National Historic Trail,"['Arts and Culture', 'Auto and ATV', 'Biking', 'Boating', 'Camping', 'Compass and GPS', 'Fishing', 'Food', 'Guided Tours', 'Hands-On', 'Hiking', 'Junior Ranger Program', 'Paddling', 'SCUBA Diving', 'Snorkeling', 'Surfing', 'Swimming', 'Wildlife Watching']"
8,Alagnak Wild River,"['Boating', 'Camping', 'Fishing', 'Hunting and Gathering', 'Paddling', 'Wildlife Watching']"
9,Alcatraz Island,"['Food', 'Shopping', 'Wildlife Watching']"
10,Aleutian Islands World War II National Historic Area,"['Guided Tours', 'Junior Ranger Program', 'Museum Exhibits', 'Wildlife Watching']"
11,Alibates Flint Quarries National Monument,"['Arts and Culture', 'Camping', 'Guided Tours', 'Junior Ranger Program', 'Museum Exhibits', 'Park Film']"
12,Allegheny Portage Railroad National Historic Site,"['Arts and Culture', 'Astronomy', 'Biking', 'Hands-On', 'Hiking', 'Junior Ranger Program', 'Living History', 'Museum Exhibits', 'Park Film', 'Shopping']"
13,American Memorial Park,"['Arts and Culture', 'Biking', 'Fishing', 'Food', 'Guided Tours', 'Junior Ranger Program', 'Living History', 'Museum Exhibits', 'Park Film', 'Shopping', 'Surfing', 'Swimming', 'Wildlife Watching']"
14,Amistad National Recreation Area,"['Boating', 'Camping', 'Fishing', 'Hiking', 'Hunting and Gathering', 'Junior Ranger Program', 'Paddling', 'Park Film', 'SCUBA Diving', 'Shopping', 'Swimming', 'Water Skiing', 'Wildlife Watching']"
15,Anacostia Park,"['Biking', 'Boating', 'Fishing', 'Food', 'Guided Tours', 'Paddling', 'Playground', 'Team Sports', 'Wildlife Watching']"
16,Andersonville National Historic Site,"['Auto and ATV', 'Camping', 'Food', 'Guided Tours', 'Junior Ranger Program', 'Living History', 'Museum Exhibits', 'Park Film', 'Shopping']"
17,Andrew Johnson National Historic Site,"['Arts and Culture', 'Guided Tours', 'Junior Ranger Program', 'Museum Exhibits']"
18,Aniakchak National Monument & Preserve,"['Camping', 'Climbing', 'Flying', 'Hiking', 'Paddling', 'Wildlife Watching']"
19,Antietam National Battlefield,"['Biking', 'Camping', 'Guided Tours', 'Hiking', 'Junior Ranger Program', 'Living History', 'Museum Exhibits', 'Park Film', 'Shopping', 'Wildlife Watching']"
20,Apostle Islands National Lakeshore,"['Boating', 'Camping', 'Fishing', 'Guided Tours', 'Hiking', 'Hunting and Gathering', 'Junior Ranger Program', 'Paddling', 'Park Film', 'SCUBA Diving', 'Shopping', 'Snowshoeing', 'Swimming', 'Wildlife Watching']"
21,Appalachian National Scenic Trail,"['Astronomy', 'Camping', 'Compass and GPS', 'Guided Tours', 'Hands-On', 'Hiking', 'Junior Ranger Program', 'Snowshoeing', 'Wildlife Watching']"
22,Appomattox Court House National Historical Park,"['Arts and Culture', 'Auto and ATV', 'Food', 'Guided Tours', 'Hiking', 'Junior Ranger Program', 'Living History', 'Museum Exhibits', 'Park Film', 'Shopping', 'Wildlife Watching']"
23,Arches National Park,"['Arts and Culture', 'Astronomy', 'Biking', 'Camping', 'Canyoneering', 'Climbing', 'Guided Tours', 'Hiking', 'Horse Trekking', 'Junior Ranger Program', 'Shopping']"
24,Arkansas Post National Memorial,"['Arts and Culture', 'Boating', 'Fishing', 'Food', 'Guided Tours', 'Hiking', 'Junior Ranger Program', 'Living History', 'Museum Exhibits', 'Paddling', 'Park Film', 'Shopping', 'Wildlife Watching']"
25,"Arlington House, The Robert  E. Lee Memorial","['Guided Tours', 'Museum Exhibits']"
26,Assateague Island National Seashore,"['Arts and Culture', 'Astronomy', 'Auto and ATV', 'Biking', 'Camping', 'Compass and GPS', 'Fishing', 'Guided Tours', 'Hiking', 'Horse Trekking', 'Hunting and Gathering', 'Junior Ranger Program', 'Paddling', 'Park Film', 'Shopping', 'Surfing', 'Swimming', 'Wildlife Watching']"
27,Aztec Ruins National Monument,"['Arts and Culture', 'Guided Tours', 'Hiking', 'Junior Ranger Program', 'Museum Exhibits', 'Park Film', 'Shopping']"
28,Badlands National Park,"['Astronomy', 'Auto and ATV', 'Biking', 'Camping', 'Compass and GPS', 'Food', 'Hiking', 'Horse Trekking', 'Junior Ranger Program', 'Park Film', 'Shopping', 'Wildlife Watching']"
29,Baltimore-Washington Parkway,['Auto and ATV']
30,Bandelier National Monument,"['Arts and Culture', 'Astronomy', 'Camping', 'Food', 'Guided Tours', 'Hiking', 'Junior Ranger Program', 'Museum Exhibits', 'Park Film', 'Shopping', 'Skiing', 'Snowshoeing', 'Wildlife Watching']"
31,Belmont-Paul Women's Equality National Monument,"['Guided Tours', 'Junior Ranger Program', 'Museum Exhibits', 'Park Film', 'Shopping']"
32,Bent's Old Fort National Historic Site,"['Arts and Culture', 'Biking', 'Fishing', 'Guided Tours', 'Hiking', 'Junior Ranger Program', 'Living History', 'Museum Exhibits', 'Park Film', 'Shopping', 'Skiing', 'Snowshoeing', 'Tubing', 'Wildlife Watching']"
33,Bering Land Bridge National Preserve,"['Camping', 'Dog Sledding', 'Flying', 'Hiking', 'Hunting and Gathering', 'Junior Ranger Program', 'Snowmobiling', 'Wildlife Watching']"
34,Big Bend National Park,"['Astronomy', 'Auto and ATV', 'Biking', 'Camping', 'Fishing', 'Food', 'Guided Tours', 'Hiking', 'Junior Ranger Program', 'Paddling', 'Wildlife Watching']"
35,Big Cypress National Preserve,"['Arts and Culture', 'Astronomy', 'Auto and ATV', 'Biking', 'Boating', 'Camping', 'Food', 'Guided Tours', 'Hiking', 'Hunting and Gathering', 'Junior Ranger Program', 'Museum Exhibits', 'Paddling', 'Park Film', 'Shopping', 'Wildlife Watching']"
36,Big Hole National Battlefield,"['Arts and Culture', 'Fishing', 'Food', 'Guided Tours', 'Hiking', 'Junior Ranger Program', 'Museum Exhibits', 'Park Film', 'Shopping', 'Skiing', 'Snowshoeing', 'Wildlife Watching']"
37,Big South Fork National River & Recreation Area,"['Arts and Culture', 'Astronomy', 'Biking', 'Boating', 'Camping', 'Climbing', 'Fishing', 'Food', 'Hiking', 'Horse Trekking', 'Hunting and Gathering', 'Junior Ranger Program', 'Paddling', 'Park Film', 'Shopping', 'Swimming', 'Tubing', 'Wildlife Watching']"
38,Big Thicket National Preserve,"['Biking', 'Boating', 'Camping', 'Fishing', 'Hands-On', 'Hiking', 'Hunting and Gathering', 'Junior Ranger Program', 'Paddling', 'Park Film', 'Shopping', 'Wildlife Watching']"
39,Bighorn Canyon National Recreation Area,"['Arts and Culture', 'Astronomy', 'Auto and ATV', 'Biking', 'Boating', 'Camping', 'Compass and GPS', 'Fishing', 'Food', 'Guided Tours', 'Hiking', 'Hunting and Gathering', 'Junior Ranger Program', 'Museum Exhibits', 'Paddling', 'Park Film', 'Playground', 'Shopping', 'Skiing', 'Snow Play', 'Snowshoeing', 'Swimming', 'Wildlife Watching']"
40,Birmingham Civil Rights National Monument,"['Guided Tours', 'Museum Exhibits']"
41,Biscayne National Park,"['Boating', 'Camping', 'Fishing', 'Guided Tours', 'Junior Ranger Program', 'Museum Exhibits', 'Paddling', 'Park Film', 'SCUBA Diving', 'Shopping', 'Snorkeling', 'Swimming', 'Wildlife Watching']"
42,Black Canyon Of The Gunnison National Park,"['Camping', 'Climbing', 'Fishing', 'Hiking', 'Horse Trekking', 'Paddling', 'Skiing', 'Snowshoeing', 'Wildlife Watching']"
43,Blackstone River Valley National Historical Park,"['Biking', 'Fishing', 'Food', 'Guided Tours', 'Junior Ranger Program', 'Paddling', 'Wildlife Watching']"
44,Blue Ridge Parkway,"['Arts and Culture', 'Auto and ATV', 'Biking', 'Camping', 'Fishing', 'Food', 'Hiking', 'Junior Ranger Program', 'Shopping', 'Wildlife Watching']"
45,Bluestone National Scenic River,"['Biking', 'Boating', 'Fishing', 'Guided Tours', 'Hiking', 'Hunting and Gathering', 'Junior Ranger Program', 'Paddling', 'Wildlife Watching']"
46,Booker T Washington National Monument,"['Arts and Culture', 'Food', 'Guided Tours', 'Hiking', 'Junior Ranger Program', 'Living History', 'Museum Exhibits', 'Park Film']"
47,Boston African American National Historic Site,"['Guided Tours', 'Museum Exhibits']"
48,Boston Harbor Islands National Recreation Area,"['Arts and Culture', 'Boating', 'Camping', 'Fishing', 'Food', 'Guided Tours', 'Hiking', 'Junior Ranger Program', 'Living History', 'Paddling', 'Wildlife Watching']"
49,Boston National Historical Park,"['Fishing', 'Guided Tours', 'Junior Ranger Program', 'Museum Exhibits']"
50,Brices Cross Roads National Battlefield Site,['Guided Tours']
51,Brown v. Board of Education National Historical Park,"['Museum Exhibits', 'Park Film', 'Shopping']"
52,Bryce Canyon National Park,"['Astronomy', 'Biking', 'Camping', 'Food', 'Guided Tours', 'Hiking', 'Horse Trekking', 'Junior Ranger Program', 'Museum Exhibits', 'Park Film', 'Shopping', 'Skiing', 'Snowshoeing', 'Wildlife Watching']"
53,Buck Island Reef National Monument,"['Boating', 'Hiking', 'Paddling', 'SCUBA Diving', 'Snorkeling', 'Swimming', 'Wildlife Watching']"
54,Buffalo National River,"['Camping', 'Caving', 'Fishing', 'Food', 'Guided Tours', 'Hiking', 'Horse Trekking', 'Hunting and Gathering', 'Junior Ranger Program', 'Paddling', 'Wildlife Watching']"
55,Cabrillo National Monument,"['Biking', 'Hiking', 'Junior Ranger Program', 'Living History', 'Museum Exhibits', 'Park Film', 'Shopping', 'Wildlife Watching']"
56,California National Historic Trail,"['Auto and ATV', 'Guided Tours', 'Hiking', 'Horse Trekking', 'Museum Exhibits']"
57,Camp Nelson National Monument,"['Hiking', 'Junior Ranger Program', 'Museum Exhibits', 'Park Film']"
58,Canaveral National Seashore,"['Boating', 'Camping', 'Fishing', 'Guided Tours', 'Hiking', 'Horse Trekking', 'Junior Ranger Program', 'Museum Exhibits', 'Paddling', 'Park Film', 'Shopping', 'Surfing', 'Swimming', 'Wildlife Watching']"
59,Cane River Creole National Historical Park,"['Arts and Culture', 'Food', 'Guided Tours', 'Junior Ranger Program']"
60,Canyon de Chelly National Monument,"['Auto and ATV', 'Camping', 'Guided Tours', 'Hiking', 'Junior Ranger Program', 'Shopping']"
61,Canyonlands National Park,"['Astronomy', 'Biking', 'Boating', 'Camping', 'Climbing', 'Guided Tours', 'Hiking', 'Horse Trekking', 'Junior Ranger Program', 'Paddling', 'Park Film', 'Shopping']"
62,Cape Cod National Seashore,"['Auto and ATV', 'Biking', 'Camping', 'Fishing', 'Golfing', 'Guided Tours', 'Hiking', 'Hunting and Gathering', 'Junior Ranger Program', 'Museum Exhibits', 'Paddling', 'Park Film', 'Shopping', 'Skiing', 'Snowshoeing', 'Surfing', 'Swimming', 'Wildlife Watching']"
63,Cape Hatteras National Seashore,"['Astronomy', 'Auto and ATV', 'Camping', 'Fishing', 'Food', 'Hiking', 'Hunting and Gathering', 'Junior Ranger Program', 'Museum Exhibits', 'Paddling', 'Shopping', 'Snorkeling', 'Surfing', 'Swimming', 'Wildlife Watching']"
64,Cape Henry Memorial Part of Colonial National Historical Park,['Guided Tours']
65,Cape Krusenstern National Monument,"['Camping', 'Flying', 'Hands-On', 'Hiking', 'Junior Ranger Program', 'Museum Exhibits', 'Shopping', 'Wildlife Watching']"
66,Cape Lookout National Seashore,"['Auto and ATV', 'Boating', 'Camping', 'Fishing', 'Hunting and Gathering', 'Junior Ranger Program', 'Paddling', 'Shopping', 'Swimming', 'Wildlife Watching']"
67,Capitol Hill Parks,"['Arts and Culture', 'Biking', 'Flying', 'Food', 'Guided Tours', 'Junior Ranger Program', 'Playground']"
68,Capitol Reef National Park,"['Arts and Culture', 'Astronomy', 'Biking', 'Camping', 'Canyoneering', 'Climbing', 'Fishing', 'Food', 'Guided Tours', 'Hands-On', 'Hiking', 'Horse Trekking', 'Junior Ranger Program', 'Living History', 'Museum Exhibits', 'Park Film', 'Shopping', 'Wildlife Watching']"
69,Captain John Smith Chesapeake National Historic Trail,"['Arts and Culture', 'Boating', 'Camping', 'Compass and GPS', 'Fishing', 'Guided Tours', 'Hands-On', 'Junior Ranger Program', 'Living History', 'Museum Exhibits', 'Paddling', 'Swimming', 'Tubing', 'Wildlife Watching']"
70,Capulin Volcano National Monument,"['Astronomy', 'Biking', 'Guided Tours', 'Hiking', 'Junior Ranger Program', 'Museum Exhibits', 'Wildlife Watching']"
71,Carl Sandburg Home National Historic Site,"['Arts and Culture', 'Guided Tours']"
72,Carlsbad Caverns National Park,"['Astronomy', 'Camping', 'Caving', 'Food', 'Guided Tours', 'Hiking', 'Junior Ranger Program', 'Park Film', 'Shopping', 'Wildlife Watching']"
73,Carter G. Woodson Home National Historic Site,"['Guided Tours', 'Junior Ranger Program', 'Museum Exhibits', 'Park Film', 'Shopping']"
74,Casa Grande Ruins National Monument,"['Arts and Culture', 'Food', 'Guided Tours', 'Junior Ranger Program', 'Museum Exhibits', 'Park Film', 'Shopping']"
75,Castillo de San Marcos National Monument,"['Junior Ranger Program', 'Living History', 'Park Film']"
76,Castle Clinton National Monument,"['Arts and Culture', 'Guided Tours', 'Junior Ranger Program', 'Shopping']"
77,Castle Mountains National Monument,['Camping']
78,Catoctin Mountain Park,"['Camping', 'Climbing', 'Compass and GPS', 'Fishing', 'Food', 'Hiking', 'Horse Trekking', 'Junior Ranger Program', 'Museum Exhibits', 'Shopping', 'Skiing', 'Snowshoeing']"
79,Cedar Breaks National Monument,"['Arts and Culture', 'Astronomy', 'Camping', 'Food', 'Guided Tours', 'Hiking', 'Junior Ranger Program', 'Shopping', 'Skiing', 'Snow Play', 'Snowmobiling', 'Snowshoeing', 'Wildlife Watching']"
80,Cedar Creek & Belle Grove National Historical Park,"['Astronomy', 'Guided Tours', 'Junior Ranger Program', 'Living History', 'Museum Exhibits', 'Shopping']"
81,Chaco Culture National Historical Park,"['Astronomy', 'Camping', 'Guided Tours', 'Hiking']"
82,Chamizal National Memorial,"['Arts and Culture', 'Biking', 'Food', 'Guided Tours', 'Hands-On', 'Hiking', 'Junior Ranger Program', 'Museum Exhibits', 'Park Film', 'Shopping', 'Wildlife Watching']"
83,Channel Islands National Park,"['Astronomy', 'Boating', 'Camping', 'Compass and GPS', 'Fishing', 'Food', 'Guided Tours', 'Hiking', 'Junior Ranger Program', 'Museum Exhibits', 'Paddling', 'Park Film', 'SCUBA Diving', 'Shopping', 'Snorkeling', 'Surfing', 'Swimming', 'Wildlife Watching']"
84,Charles Pinckney National Historic Site,"['Food', 'Guided Tours', 'Hands-On', 'Hiking', 'Junior Ranger Program', 'Museum Exhibits', 'Park Film', 'Shopping', 'Wildlife Watching']"
85,Charles Young Buffalo Soldiers National Monument,"['Food', 'Guided Tours', 'Junior Ranger Program', 'Park Film']"
86,Chattahoochee River National Recreation Area,"['Biking', 'Boating', 'Fishing', 'Hiking', 'Junior Ranger Program', 'Paddling', 'Shopping', 'Swimming', 'Tubing', 'Wildlife Watching']"
87,Chesapeake & Ohio Canal National Historical Park,"['Biking', 'Boating', 'Camping', 'Fishing', 'Guided Tours', 'Hiking', 'Horse Trekking', 'Ice Skating', 'Junior Ranger Program', 'Paddling', 'Shopping', 'Skiing', 'Snowshoeing', 'Wildlife Watching']"
88,Chesapeake Bay,"['Boating', 'Compass and GPS', 'Guided Tours', 'Junior Ranger Program', 'Paddling', 'Wildlife Watching']"
89,Chickamauga & Chattanooga National Military Park,"['Auto and ATV', 'Biking', 'Climbing', 'Food', 'Guided Tours', 'Hiking', 'Horse Trekking', 'Junior Ranger Program', 'Living History', 'Museum Exhibits', 'Paddling', 'Park Film', 'Shopping']"
90,Chickasaw National Recreation Area,"['Astronomy', 'Biking', 'Boating', 'Camping', 'Fishing', 'Food', 'Hands-On', 'Hiking', 'Horse Trekking', 'Hunting and Gathering', 'Junior Ranger Program', 'Paddling', 'Shopping', 'Swimming', 'Water Skiing', 'Wildlife Watching']"
91,Chiricahua National Monument,"['Astronomy', 'Camping', 'Food', 'Guided Tours', 'Hiking', 'Junior Ranger Program', 'Shopping', 'Wildlife Watching']"
92,Christiansted National Historic Site,"['Arts and Culture', 'Food', 'Guided Tours', 'Junior Ranger Program', 'Museum Exhibits', 'Shopping']"
93,City Of Rocks National Reserve,"['Astronomy', 'Auto and ATV', 'Biking', 'Camping', 'Climbing', 'Fishing', 'Food', 'Guided Tours', 'Hiking', 'Horse Trekking', 'Hunting and Gathering', 'Ice Skating', 'Junior Ranger Program', 'Living History', 'Shopping', 'Skiing', 'Snow Play', 'Snowmobiling', 'Snowshoeing', 'Wildlife Watching']"
94,Civil War Defenses of Washington,"['Arts and Culture', 'Biking', 'Food', 'Guided Tours', 'Hiking', 'Junior Ranger Program', 'Living History', 'Park Film', 'Wildlife Watching']"
95,Clara Barton National Historic Site,"['Guided Tours', 'Museum Exhibits']"
96,Colonial National Historical Park,"['Arts and Culture', 'Auto and ATV', 'Biking', 'Guided Tours', 'Junior Ranger Program']"
97,Colorado National Monument,"['Auto and ATV', 'Biking', 'Camping', 'Climbing', 'Food', 'Hiking', 'Park Film', 'Shopping', 'Wildlife Watching']"
98,Congaree National Park,"['Camping', 'Fishing', 'Food', 'Guided Tours', 'Hands-On', 'Hiking', 'Junior Ranger Program', 'Museum Exhibits', 'Paddling', 'Shopping']"
99,Constitution Gardens,['Junior Ranger Program']
100,Coronado National Memorial,"['Auto and ATV', 'Biking', 'Caving', 'Food', 'Guided Tours', 'Hiking', 'Junior Ranger Program', 'Shopping', 'Wildlife Watching']"
101,Cowpens National Battlefield,"['Biking', 'Food', 'Guided Tours', 'Junior Ranger Program', 'Living History', 'Museum Exhibits', 'Park Film']"
102,Crater Lake National Park,"['Astronomy', 'Auto and ATV', 'Biking', 'Boating', 'Camping', 'Compass and GPS', 'Fishing', 'Food', 'Guided Tours', 'Hands-On', 'Hiking', 'Junior Ranger Program', 'Museum Exhibits', 'Park Film', 'Shopping', 'Skiing', 'Snow Play', 'Snowmobiling', 'Snowshoeing', 'Swimming', 'Wildlife Watching']"
103,Craters Of The Moon National Monument & Preserve,"['Astronomy', 'Auto and ATV', 'Biking', 'Camping', 'Caving', 'Hiking', 'Junior Ranger Program', 'Museum Exhibits', 'Shopping', 'Skiing', 'Snowshoeing', 'Wildlife Watching']"
104,Cumberland Gap National Historical Park,"['Biking', 'Camping', 'Caving', 'Guided Tours', 'Hiking', 'Park Film', 'Shopping', 'Wildlife Watching']"
105,Cumberland Island National Seashore,"['Biking', 'Boating', 'Camping', 'Guided Tours', 'Hiking', 'Hunting and Gathering', 'Swimming', 'Wildlife Watching']"
106,Curecanti National Recreation Area,"['Boating', 'Camping', 'Fishing', 'Guided Tours', 'Hiking', 'Horse Trekking', 'Hunting and Gathering', 'Swimming', 'Wildlife Watching']"
107,Cuyahoga Valley National Park,"['Arts and Culture', 'Biking', 'Camping', 'Fishing', 'Food', 'Hiking', 'Horse Trekking', 'Junior Ranger Program', 'Living History', 'Paddling', 'Park Film', 'Shopping', 'Skiing', 'Snow Play', 'Snowshoeing', 'Wildlife Watching']"
108,César E. Chávez National Monument,"['Junior Ranger Program', 'Park Film']"
109,Dayton Aviation Heritage National Historical Park,"['Biking', 'Guided Tours', 'Junior Ranger Program', 'Museum Exhibits', 'Park Film', 'Shopping']"
110,De Soto National Memorial,"['Fishing', 'Living History', 'Paddling', 'Shopping']"
111,Death Valley National Park,"['Astronomy', 'Biking', 'Camping', 'Canyoneering', 'Flying', 'Food', 'Golfing', 'Guided Tours', 'Hiking', 'Horse Trekking', 'Junior Ranger Program', 'Living History', 'Museum Exhibits', 'Park Film', 'Shopping', 'Wildlife Watching']"
112,Delaware Water Gap National Recreation Area,"['Arts and Culture', 'Auto and ATV', 'Biking', 'Boating', 'Camping', 'Climbing', 'Fishing', 'Food', 'Guided Tours', 'Hiking', 'Horse Trekking', 'Hunting and Gathering', 'Junior Ranger Program', 'Museum Exhibits', 'Paddling', 'Shopping', 'Skiing', 'Snowshoeing', 'Swimming', 'Wildlife Watching']"
113,Denali National Park & Preserve,"['Arts and Culture', 'Astronomy', 'Biking', 'Camping', 'Climbing', 'Dog Sledding', 'Flying', 'Guided Tours', 'Hiking', 'Hunting and Gathering', 'Junior Ranger Program', 'Park Film', 'Skiing', 'Snow Play', 'Snowmobiling', 'Snowshoeing', 'Wildlife Watching']"
114,Devils Postpile National Monument,"['Astronomy', 'Biking', 'Camping', 'Fishing', 'Hiking', 'Horse Trekking', 'Junior Ranger Program', 'Wildlife Watching']"
115,Devils Tower National Monument,"['Astronomy', 'Camping', 'Climbing', 'Hiking', 'Junior Ranger Program', 'Wildlife Watching']"
116,Dinosaur National Monument,"['Astronomy', 'Biking', 'Camping', 'Fishing', 'Hiking', 'Junior Ranger Program', 'Paddling', 'Park Film', 'Shopping', 'Skiing', 'Wildlife Watching']"
117,Dry Tortugas National Park,"['Astronomy', 'Boating', 'Camping', 'Fishing', 'Guided Tours', 'Junior Ranger Program', 'Paddling', 'SCUBA Diving', 'Shopping', 'Snorkeling', 'Swimming', 'Wildlife Watching']"
118,Dwight D. Eisenhower Memorial,['Guided Tours']
119,Ebey's Landing National Historical Reserve,"['Astronomy', 'Biking', 'Boating', 'Camping', 'Fishing', 'Food', 'Guided Tours', 'Hiking', 'Horse Trekking', 'Junior Ranger Program', 'Museum Exhibits', 'Paddling', 'SCUBA Diving', 'Shopping', 'Wildlife Watching']"
120,Edgar Allan Poe National Historic Site,"['Guided Tours', 'Junior Ranger Program']"
121,Effigy Mounds National Monument,"['Guided Tours', 'Hiking', 'Junior Ranger Program', 'Museum Exhibits', 'Shopping', 'Wildlife Watching']"
122,Eisenhower National Historic Site,"['Biking', 'Guided Tours', 'Junior Ranger Program', 'Living History', 'Museum Exhibits', 'Shopping']"
123,El Camino Real de Tierra Adentro National Historic Trail,"['Arts and Culture', 'Auto and ATV', 'Hiking', 'Museum Exhibits']"
124,El Camino Real de los Tejas National Historic Trail,"['Auto and ATV', 'Museum Exhibits']"
125,El Malpais National Monument,"['Arts and Culture', 'Astronomy', 'Auto and ATV', 'Camping', 'Caving', 'Guided Tours', 'Hiking', 'Hunting and Gathering', 'Junior Ranger Program', 'Park Film', 'Shopping', 'Wildlife Watching']"
126,El Morro National Monument,"['Arts and Culture', 'Astronomy', 'Camping', 'Food', 'Guided Tours', 'Hiking', 'Junior Ranger Program', 'Museum Exhibits', 'Park Film', 'Shopping']"
127,Eleanor Roosevelt National Historic Site,"['Guided Tours', 'Hands-On', 'Hiking', 'Museum Exhibits', 'Shopping']"
128,Ellis Island Part of Statue of Liberty National Monument,"['Food', 'Guided Tours', 'Junior Ranger Program', 'Museum Exhibits', 'Park Film', 'Shopping']"
129,Eugene O'Neill National Historic Site,"['Arts and Culture', 'Guided Tours', 'Museum Exhibits', 'Shopping']"
130,Everglades National Park,"['Astronomy', 'Biking', 'Boating', 'Camping', 'Compass and GPS', 'Fishing', 'Food', 'Guided Tours', 'Hands-On', 'Hiking', 'Junior Ranger Program', 'Museum Exhibits', 'Paddling', 'Park Film', 'Shopping', 'Wildlife Watching']"
131,Federal Hall National Memorial,"['Arts and Culture', 'Guided Tours', 'Junior Ranger Program', 'Museum Exhibits', 'Shopping']"
132,Fire Island National Seashore,"['Arts and Culture', 'Boating', 'Camping', 'Fishing', 'Guided Tours', 'Hiking', 'Hunting and Gathering', 'Junior Ranger Program', 'Swimming', 'Wildlife Watching']"
133,First Ladies National Historic Site,"['Guided Tours', 'Living History', 'Museum Exhibits', 'Park Film', 'Shopping']"
134,First State National Historical Park,"['Biking', 'Fishing', 'Food', 'Hands-On', 'Hiking', 'Horse Trekking', 'Junior Ranger Program', 'Living History']"
135,Flight 93 National Memorial,"['Auto and ATV', 'Guided Tours', 'Hiking', 'Junior Ranger Program']"
136,Florissant Fossil Beds National Monument,"['Astronomy', 'Food', 'Guided Tours', 'Hiking', 'Horse Trekking', 'Junior Ranger Program', 'Museum Exhibits', 'Park Film', 'Shopping', 'Snowshoeing']"
137,Ford's Theatre,"['Arts and Culture', 'Guided Tours', 'Junior Ranger Program']"
138,Fort Bowie National Historic Site,"['Hiking', 'Horse Trekking', 'Junior Ranger Program', 'Shopping', 'Wildlife Watching']"
139,Fort Davis National Historic Site,"['Arts and Culture', 'Food', 'Guided Tours', 'Hiking', 'Junior Ranger Program', 'Living History', 'Museum Exhibits', 'Park Film', 'Shopping', 'Wildlife Watching']"
140,Fort Donelson National Battlefield,"['Auto and ATV', 'Guided Tours', 'Hiking', 'Junior Ranger Program', 'Museum Exhibits', 'Park Film']"
141,Fort Dupont Park,"['Arts and Culture', 'Biking', 'Food', 'Junior Ranger Program', 'Wildlife Watching']"
142,Fort Foote Park,['Wildlife Watching']
143,Fort Frederica National Monument,"['Biking', 'Guided Tours', 'Hiking']"
144,Fort Laramie National Historic Site,"['Fishing', 'Guided Tours', 'Living History', 'Museum Exhibits', 'Shopping']"
145,Fort Larned National Historic Site,"['Food', 'Guided Tours', 'Junior Ranger Program', 'Living History', 'Park Film', 'Shopping']"
146,Fort Matanzas National Monument,"['Fishing', 'Junior Ranger Program', 'Living History']"
147,Fort McHenry National Monument and Historic Shrine,"['Arts and Culture', 'Biking', 'Compass and GPS', 'Food', 'Guided Tours', 'Hands-On', 'Hiking', 'Junior Ranger Program', 'Living History', 'Museum Exhibits', 'Paddling', 'Park Film', 'Shopping', 'Skiing', 'Wildlife Watching']"
148,Fort Monroe National Monument,"['Biking', 'Guided Tours', 'Hands-On', 'Hiking', 'Living History', 'Museum Exhibits', 'Shopping', 'Wildlife Watching']"
149,Fort Necessity National Battlefield,"['Food', 'Guided Tours', 'Hiking', 'Junior Ranger Program', 'Living History', 'Museum Exhibits', 'Park Film', 'Playground', 'Shopping', 'Skiing', 'Wildlife Watching']"
150,Fort Point National Historic Site,"['Arts and Culture', 'Fishing', 'Living History', 'Museum Exhibits', 'Park Film']"
151,Fort Pulaski National Monument,"['Biking', 'Food', 'Guided Tours', 'Hiking', 'Junior Ranger Program', 'Living History', 'Museum Exhibits', 'Park Film']"
152,Fort Raleigh National Historic Site,"['Arts and Culture', 'Junior Ranger Program', 'Museum Exhibits', 'Park Film', 'Shopping']"
153,Fort Scott National Historic Site,"['Guided Tours', 'Junior Ranger Program', 'Living History', 'Museum Exhibits', 'Park Film', 'Shopping']"
154,Fort Smith National Historic Site,"['Guided Tours', 'Junior Ranger Program', 'Museum Exhibits', 'Park Film', 'Shopping']"
155,Fort Stanwix National Monument,"['Arts and Culture', 'Astronomy', 'Biking', 'Food', 'Guided Tours', 'Hands-On', 'Hiking', 'Junior Ranger Program', 'Living History', 'Museum Exhibits', 'Park Film', 'Shopping', 'Snow Play']"
156,Fort Sumter and Fort Moultrie National Historical Park,"['Astronomy', 'Boating', 'Fishing', 'Food', 'Guided Tours', 'Hands-On', 'Junior Ranger Program', 'Living History', 'Museum Exhibits', 'Park Film', 'Shopping', 'Wildlife Watching']"
157,Fort Union National Monument,"['Guided Tours', 'Junior Ranger Program', 'Living History', 'Shopping']"
158,Fort Union Trading Post National Historic Site,"['Guided Tours', 'Junior Ranger Program', 'Living History', 'Museum Exhibits', 'Park Film', 'Shopping']"
159,Fort Vancouver National Historic Site,"['Arts and Culture', 'Biking', 'Guided Tours', 'Junior Ranger Program', 'Living History', 'Museum Exhibits', 'Park Film', 'Playground', 'Shopping', 'Wildlife Watching']"
160,Fort Washington Park,"['Fishing', 'Food', 'Guided Tours', 'Living History', 'Shopping']"
161,Fossil Butte National Monument,"['Auto and ATV', 'Hiking', 'Junior Ranger Program', 'Museum Exhibits', 'Shopping', 'Wildlife Watching']"
162,Franklin Delano Roosevelt Memorial,"['Guided Tours', 'Junior Ranger Program', 'Shopping', 'Wildlife Watching']"
163,Frederick Douglass National Historic Site,"['Guided Tours', 'Junior Ranger Program', 'Museum Exhibits', 'Park Film', 'Shopping']"
164,Frederick Law Olmsted National Historic Site,"['Guided Tours', 'Junior Ranger Program', 'Museum Exhibits']"
165,Fredericksburg & Spotsylvania National Military Park,"['Biking', 'Guided Tours', 'Hiking', 'Junior Ranger Program', 'Living History', 'Museum Exhibits', 'Park Film', 'Shopping']"
166,Freedom Riders National Monument,['Guided Tours']
167,Friendship Hill National Historic Site,"['Guided Tours', 'Hiking', 'Junior Ranger Program', 'Museum Exhibits', 'Park Film', 'Skiing', 'Wildlife Watching']"
168,Gates Of The Arctic National Park & Preserve,"['Camping', 'Climbing', 'Hiking', 'Hunting and Gathering', 'Paddling']"
169,Gateway Arch National Park,"['Astronomy', 'Biking', 'Food', 'Guided Tours', 'Junior Ranger Program', 'Museum Exhibits', 'Park Film', 'Shopping']"
170,Gateway National Recreation Area,"['Biking', 'Boating', 'Camping', 'Fishing', 'Guided Tours', 'Paddling', 'Swimming']"
171,Gauley River National Recreation Area,"['Boating', 'Camping', 'Fishing', 'Junior Ranger Program', 'Paddling']"
172,General Grant National Memorial,"['Guided Tours', 'Junior Ranger Program', 'Museum Exhibits', 'Park Film', 'Shopping']"
173,George Rogers Clark National Historical Park,"['Astronomy', 'Fishing', 'Food', 'Guided Tours', 'Hands-On', 'Junior Ranger Program', 'Living History', 'Museum Exhibits', 'Park Film', 'Shopping']"
174,George Washington Birthplace National Monument,"['Arts and Culture', 'Biking', 'Fishing', 'Food', 'Guided Tours', 'Hiking', 'Horse Trekking', 'Junior Ranger Program', 'Paddling', 'Shopping']"
175,George Washington Carver National Monument,"['Arts and Culture', 'Food', 'Guided Tours', 'Hands-On', 'Junior Ranger Program', 'Museum Exhibits', 'Park Film', 'Shopping']"
176,George Washington Memorial Parkway,"['Arts and Culture', 'Biking', 'Food', 'Wildlife Watching']"
177,Gettysburg National Military Park,"['Arts and Culture', 'Auto and ATV', 'Biking', 'Camping', 'Food', 'Guided Tours', 'Hiking', 'Horse Trekking', 'Junior Ranger Program', 'Living History', 'Museum Exhibits', 'Park Film', 'Shopping', 'Wildlife Watching']"
178,Gila Cliff Dwellings National Monument,"['Astronomy', 'Camping', 'Food', 'Guided Tours', 'Hiking', 'Horse Trekking', 'Junior Ranger Program', 'Museum Exhibits', 'Park Film', 'Shopping', 'Wildlife Watching']"
179,Glacier Bay National Park & Preserve,"['Arts and Culture', 'Auto and ATV', 'Boating', 'Camping', 'Climbing', 'Fishing', 'Flying', 'Food', 'Guided Tours', 'Hiking', 'Hunting and Gathering', 'Junior Ranger Program', 'Paddling', 'Park Film', 'Shopping', 'Wildlife Watching']"
180,Glacier National Park,"['Arts and Culture', 'Astronomy', 'Auto and ATV', 'Biking', 'Boating', 'Camping', 'Climbing', 'Fishing', 'Food', 'Guided Tours', 'Hands-On', 'Hiking', 'Horse Trekking', 'Junior Ranger Program', 'Museum Exhibits', 'Paddling', 'Park Film', 'Shopping', 'Skiing', 'Snow Play', 'Snowshoeing', 'Swimming']"
181,Glen Canyon National Recreation Area,"['Astronomy', 'Auto and ATV', 'Biking', 'Boating', 'Camping', 'Fishing', 'Food', 'Guided Tours', 'Hands-On', 'Hiking', 'Junior Ranger Program', 'Paddling', 'Shopping', 'Swimming']"
182,Glen Echo Park,"['Arts and Culture', 'Guided Tours']"
183,Gloria Dei Church National Historic Site,['Museum Exhibits']
184,Golden Gate National Recreation Area,"['Arts and Culture', 'Biking', 'Camping', 'Fishing', 'Food', 'Guided Tours', 'Hiking', 'Horse Trekking', 'Junior Ranger Program', 'Living History', 'Museum Exhibits', 'Shopping', 'Surfing', 'Wildlife Watching']"
185,Golden Spike National Historical Park,"['Food', 'Guided Tours', 'Hiking', 'Junior Ranger Program', 'Living History', 'Museum Exhibits', 'Park Film', 'Shopping']"
186,Governors Island National Monument,"['Biking', 'Food', 'Guided Tours', 'Junior Ranger Program', 'Museum Exhibits', 'Shopping']"
187,Grand Canyon National Park,"['Arts and Culture', 'Astronomy', 'Auto and ATV', 'Biking', 'Boating', 'Camping', 'Compass and GPS', 'Fishing', 'Flying', 'Food', 'Guided Tours', 'Hands-On', 'Hiking', 'Horse Trekking', 'Junior Ranger Program', 'Living History', 'Museum Exhibits', 'Paddling', 'Park Film', 'Shopping', 'Wildlife Watching']"
188,Grand Canyon-Parashant National Monument,"['Astronomy', 'Auto and ATV', 'Biking', 'Camping', 'Flying', 'Hiking', 'Horse Trekking', 'Junior Ranger Program', 'Wildlife Watching']"
189,Grand Portage National Monument,"['Arts and Culture', 'Camping', 'Guided Tours', 'Hiking', 'Junior Ranger Program', 'Living History', 'Museum Exhibits', 'Park Film', 'Shopping', 'Skiing', 'Wildlife Watching']"
190,Grand Teton National Park,"['Arts and Culture', 'Auto and ATV', 'Biking', 'Boating', 'Camping', 'Climbing', 'Fishing', 'Food', 'Guided Tours', 'Hiking', 'Horse Trekking', 'Hunting and Gathering', 'Junior Ranger Program', 'Paddling', 'Shopping', 'Skiing', 'Snowmobiling', 'Snowshoeing', 'Water Skiing', 'Wildlife Watching']"
191,Grant-Kohrs Ranch National Historic Site,"['Guided Tours', 'Hiking', 'Living History', 'Wildlife Watching']"
192,Great Basin National Park,"['Astronomy', 'Auto and ATV', 'Biking', 'Camping', 'Caving', 'Climbing', 'Fishing', 'Food', 'Guided Tours', 'Hiking', 'Horse Trekking', 'Hunting and Gathering', 'Junior Ranger Program', 'Museum Exhibits', 'Park Film', 'Shopping', 'Skiing', 'Snowshoeing', 'Wildlife Watching']"
193,Great Egg Harbor River,"['Astronomy', 'Biking', 'Boating', 'Camping', 'Fishing', 'Food', 'Guided Tours', 'Hiking', 'Hunting and Gathering', 'Paddling', 'Tubing', 'Wildlife Watching']"
194,Great Falls Park,"['Guided Tours', 'Hiking', 'Paddling', 'Park Film']"
195,Great Sand Dunes National Park & Preserve,"['Arts and Culture', 'Astronomy', 'Auto and ATV', 'Biking', 'Camping', 'Climbing', 'Compass and GPS', 'Fishing', 'Food', 'Guided Tours', 'Hands-On', 'Hiking', 'Horse Trekking', 'Hunting and Gathering', 'Junior Ranger Program', 'Museum Exhibits', 'Park Film', 'Shopping', 'Skiing', 'Snow Play', 'Snowshoeing', 'Swimming', 'Tubing', 'Water Skiing', 'Wildlife Watching']"
196,Great Smoky Mountains National Park,"['Arts and Culture', 'Astronomy', 'Auto and ATV', 'Biking', 'Camping', 'Fishing', 'Food', 'Guided Tours', 'Hands-On', 'Hiking', 'Horse Trekking', 'Junior Ranger Program', 'Museum Exhibits', 'Park Film', 'Shopping', 'Wildlife Watching']"
197,Green Springs,"['Auto and ATV', 'Biking']"
198,Greenbelt Park,"['Camping', 'Food', 'Hiking', 'Junior Ranger Program', 'Playground', 'Wildlife Watching']"
199,Guadalupe Mountains National Park,"['Auto and ATV', 'Camping', 'Guided Tours', 'Hiking', 'Horse Trekking', 'Junior Ranger Program', 'Museum Exhibits', 'Wildlife Watching']"
200,Guilford Courthouse National Military Park,"['Arts and Culture', 'Auto and ATV', 'Biking', 'Guided Tours', 'Junior Ranger Program', 'Living History', 'Museum Exhibits', 'Park Film']"
201,Gulf Islands National Seashore,"['Biking', 'Boating', 'Camping', 'Fishing', 'Food', 'Guided Tours', 'Hands-On', 'Hiking', 'Horse Trekking', 'Hunting and Gathering', 'Junior Ranger Program', 'Living History', 'Museum Exhibits', 'Paddling', 'Park Film', 'SCUBA Diving', 'Shopping', 'Snorkeling', 'Swimming', 'Wildlife Watching']"
202,Hagerman Fossil Beds National Monument,"['Auto and ATV', 'Food', 'Guided Tours', 'Hiking', 'Junior Ranger Program', 'Museum Exhibits', 'Shopping', 'Wildlife Watching']"
203,Haleakalā National Park,"['Camping', 'Guided Tours', 'Hiking', 'Junior Ranger Program', 'Shopping', 'Swimming']"
204,Hamilton Grange National Memorial,"['Arts and Culture', 'Guided Tours', 'Hands-On', 'Junior Ranger Program', 'Living History', 'Museum Exhibits', 'Park Film']"
205,Hampton National Historic Site,"['Arts and Culture', 'Food', 'Guided Tours', 'Hands-On', 'Hiking', 'Junior Ranger Program', 'Living History', 'Museum Exhibits', 'Shopping', 'Wildlife Watching']"
206,Harmony Hall,['Wildlife Watching']
207,Harpers Ferry National Historical Park,"['Guided Tours', 'Hiking', 'Junior Ranger Program', 'Living History', 'Shopping']"
208,Harriet Tubman National Historical Park,"['Food', 'Museum Exhibits', 'Shopping']"
209,Harriet Tubman Underground Railroad National Historical Park,"['Food', 'Guided Tours', 'Museum Exhibits', 'Park Film']"
210,Harry S Truman National Historic Site,"['Guided Tours', 'Junior Ranger Program', 'Museum Exhibits', 'Park Film', 'Shopping']"
211,Hawaiʻi Volcanoes National Park,"['Arts and Culture', 'Biking', 'Camping', 'Guided Tours', 'Hiking', 'Junior Ranger Program', 'Museum Exhibits', 'Park Film', 'Shopping', 'Wildlife Watching']"
212,Herbert Hoover National Historic Site,"['Arts and Culture', 'Food', 'Guided Tours', 'Hiking', 'Junior Ranger Program', 'Museum Exhibits', 'Park Film', 'Wildlife Watching']"
213,Historic Jamestowne Part of Colonial National Historical Park,"['Guided Tours', 'Junior Ranger Program', 'Living History']"
214,Home Of Franklin D Roosevelt National Historic Site,"['Compass and GPS', 'Guided Tours', 'Hands-On', 'Junior Ranger Program']"
215,Homestead National Historical Park,"['Arts and Culture', 'Compass and GPS', 'Food', 'Guided Tours', 'Hiking', 'Hunting and Gathering', 'Junior Ranger Program', 'Living History', 'Museum Exhibits', 'Park Film', 'Shopping', 'Wildlife Watching']"
216,Hono'uli'uli National Historic Site,['Shopping']
217,Hopewell Culture National Historical Park,"['Arts and Culture', 'Biking', 'Food', 'Guided Tours', 'Junior Ranger Program', 'Museum Exhibits', 'Shopping']"
218,Hopewell Furnace National Historic Site,"['Arts and Culture', 'Astronomy', 'Biking', 'Compass and GPS', 'Food', 'Guided Tours', 'Hands-On', 'Hiking', 'Horse Trekking', 'Hunting and Gathering', 'Junior Ranger Program', 'Living History', 'Museum Exhibits', 'Park Film', 'Shopping', 'Skiing', 'Wildlife Watching']"
219,Horseshoe Bend National Military Park,"['Arts and Culture', 'Astronomy', 'Auto and ATV', 'Biking', 'Boating', 'Fishing', 'Food', 'Guided Tours', 'Hands-On', 'Hiking', 'Horse Trekking', 'Junior Ranger Program', 'Living History', 'Museum Exhibits', 'Paddling', 'Park Film', 'Shopping', 'Wildlife Watching']"
220,Hot Springs National Park,"['Auto and ATV', 'Biking', 'Camping', 'Fishing', 'Food', 'Guided Tours', 'Hiking', 'Junior Ranger Program', 'Museum Exhibits', 'Park Film', 'Shopping', 'Wildlife Watching']"
221,Hovenweep National Monument,"['Astronomy', 'Camping', 'Hiking', 'Junior Ranger Program', 'Park Film', 'Shopping']"
222,Hubbell Trading Post National Historic Site,"['Arts and Culture', 'Guided Tours', 'Junior Ranger Program', 'Shopping']"
223,Ice Age Floods National Geologic Trail,['Guided Tours']
224,Ice Age National Scenic Trail,"['Camping', 'Fishing', 'Hands-On', 'Hiking', 'Skiing', 'Snowshoeing', 'Wildlife Watching']"
225,Independence National Historical Park,"['Food', 'Guided Tours', 'Junior Ranger Program', 'Museum Exhibits', 'Park Film', 'Shopping']"
226,Indiana Dunes National Park,"['Arts and Culture', 'Auto and ATV', 'Biking', 'Boating', 'Camping', 'Fishing', 'Food', 'Guided Tours', 'Hiking', 'Horse Trekking', 'Junior Ranger Program', 'Paddling', 'Park Film', 'Playground', 'Shopping', 'Skiing', 'Snow Play', 'Snowshoeing', 'Swimming', 'Wildlife Watching']"
227,Isle Royale National Park,"['Arts and Culture', 'Astronomy', 'Boating', 'Camping', 'Fishing', 'Flying', 'Food', 'Guided Tours', 'Hiking', 'Junior Ranger Program', 'Museum Exhibits', 'Paddling', 'Park Film', 'SCUBA Diving', 'Shopping', 'Wildlife Watching']"
228,Iñupiat Heritage Center,"['Arts and Culture', 'Hunting and Gathering']"
229,James A Garfield National Historic Site,"['Guided Tours', 'Living History', 'Park Film', 'Shopping']"
230,Jean Lafitte National Historical Park and Preserve,"['Arts and Culture', 'Fishing', 'Guided Tours', 'Hands-On', 'Hunting and Gathering', 'Junior Ranger Program', 'Living History', 'Museum Exhibits', 'Park Film', 'Shopping', 'Wildlife Watching']"
231,Jewel Cave National Monument,"['Caving', 'Guided Tours', 'Hiking', 'Junior Ranger Program', 'Park Film', 'Shopping', 'Snowshoeing', 'Wildlife Watching']"
232,Jimmy Carter National Historical Park,"['Biking', 'Guided Tours', 'Junior Ranger Program', 'Museum Exhibits', 'Park Film', 'Shopping']"
233,John Day Fossil Beds National Monument,"['Hiking', 'Junior Ranger Program', 'Museum Exhibits', 'Park Film']"
234,John Fitzgerald Kennedy National Historic Site,"['Guided Tours', 'Junior Ranger Program', 'Museum Exhibits', 'Park Film']"
235,John Muir National Historic Site,"['Guided Tours', 'Hiking', 'Junior Ranger Program', 'Museum Exhibits', 'Park Film', 'Wildlife Watching']"
236,Johnstown Flood National Memorial,"['Food', 'Guided Tours', 'Hiking', 'Junior Ranger Program', 'Museum Exhibits', 'Park Film', 'Shopping']"
237,Joshua Tree National Park,"['Astronomy', 'Biking', 'Camping', 'Climbing', 'Food', 'Guided Tours', 'Hiking', 'Horse Trekking', 'Junior Ranger Program', 'Shopping', 'Wildlife Watching']"
238,Juan Bautista de Anza National Historic Trail,"['Guided Tours', 'Hiking', 'Horse Trekking', 'Junior Ranger Program', 'Living History', 'Park Film', 'Shopping']"
239,Kalaupapa National Historical Park,"['Guided Tours', 'Living History', 'Museum Exhibits']"
240,Kaloko-Honokōhau National Historical Park,"['Arts and Culture', 'Biking', 'Fishing', 'Guided Tours', 'Hiking', 'Junior Ranger Program', 'Park Film', 'Shopping', 'Wildlife Watching']"
241,Katahdin Woods and Waters National Monument,"['Biking', 'Fishing', 'Hiking', 'Hunting and Gathering', 'Paddling', 'Skiing', 'Snowmobiling', 'Snowshoeing', 'Wildlife Watching']"
242,Katmai National Park & Preserve,"['Boating', 'Camping', 'Fishing', 'Flying', 'Food', 'Guided Tours', 'Hiking', 'Hunting and Gathering', 'Junior Ranger Program', 'Paddling', 'Park Film', 'Shopping', 'Wildlife Watching']"
243,Kenai Fjords National Park,"['Astronomy', 'Boating', 'Camping', 'Climbing', 'Dog Sledding', 'Fishing', 'Flying', 'Food', 'Guided Tours', 'Hiking', 'Junior Ranger Program', 'Paddling', 'Park Film', 'Shopping', 'Skiing', 'Snowmobiling', 'Snowshoeing', 'Wildlife Watching']"
244,Kenilworth Park & Aquatic Gardens,"['Arts and Culture', 'Food', 'Guided Tours', 'Hiking', 'Junior Ranger Program', 'Shopping', 'Wildlife Watching']"
245,Kennesaw Mountain National Battlefield Park,"['Biking', 'Guided Tours', 'Hiking', 'Junior Ranger Program', 'Museum Exhibits']"
246,Keweenaw National Historical Park,"['Biking', 'Compass and GPS', 'Food', 'Guided Tours', 'Hiking', 'Junior Ranger Program', 'Museum Exhibits', 'Park Film']"
247,Kings Mountain National Military Park,"['Guided Tours', 'Junior Ranger Program', 'Living History', 'Park Film']"
248,Klondike Gold Rush - Seattle Unit National Historical Park,"['Guided Tours', 'Living History', 'Museum Exhibits', 'Park Film']"
249,Klondike Gold Rush National Historical Park,"['Arts and Culture', 'Camping', 'Climbing', 'Food', 'Guided Tours', 'Hiking', 'Junior Ranger Program', 'Museum Exhibits', 'Park Film', 'Playground', 'Shopping', 'Wildlife Watching']"
250,Knife River Indian Villages National Historic Site,"['Arts and Culture', 'Compass and GPS', 'Fishing', 'Food', 'Guided Tours', 'Hands-On', 'Hiking', 'Junior Ranger Program', 'Museum Exhibits', 'Park Film', 'Shopping', 'Wildlife Watching']"
251,Kobuk Valley National Park,"['Boating', 'Camping', 'Fishing', 'Flying', 'Hands-On', 'Hiking', 'Junior Ranger Program', 'Museum Exhibits', 'Paddling', 'Shopping', 'Wildlife Watching']"
252,Korean War Veterans Memorial,"['Guided Tours', 'Junior Ranger Program']"
253,LBJ Memorial Grove on the Potomac,"['Biking', 'Hiking', 'Paddling', 'Wildlife Watching']"
254,Lake Clark National Park & Preserve,"['Astronomy', 'Biking', 'Boating', 'Camping', 'Climbing', 'Compass and GPS', 'Fishing', 'Flying', 'Guided Tours', 'Hiking', 'Hunting and Gathering', 'Junior Ranger Program', 'Paddling', 'Shopping', 'Skiing', 'Snow Play', 'Snowshoeing', 'Wildlife Watching']"
255,Lake Mead National Recreation Area,"['Auto and ATV', 'Biking', 'Boating', 'Camping', 'Fishing', 'Flying', 'Food', 'Guided Tours', 'Hiking', 'Horse Trekking', 'Hunting and Gathering', 'Junior Ranger Program', 'Paddling', 'Park Film', 'SCUBA Diving', 'Shopping', 'Snorkeling', 'Swimming', 'Water Skiing', 'Wildlife Watching']"
256,Lake Meredith National Recreation Area,"['Auto and ATV', 'Biking', 'Boating', 'Camping', 'Fishing', 'Food', 'Guided Tours', 'Hiking', 'Horse Trekking', 'Hunting and Gathering', 'Junior Ranger Program', 'Paddling', 'Shopping']"
257,Lake Roosevelt National Recreation Area,"['Boating', 'Camping', 'Fishing', 'Food', 'Guided Tours', 'Hands-On', 'Hiking', 'Hunting and Gathering', 'Junior Ranger Program', 'Museum Exhibits', 'Paddling', 'Park Film', 'Swimming']"
258,Lassen Volcanic National Park,"['Astronomy', 'Auto and ATV', 'Biking', 'Boating', 'Camping', 'Compass and GPS', 'Fishing', 'Food', 'Guided Tours', 'Hiking', 'Horse Trekking', 'Junior Ranger Program', 'Living History', 'Museum Exhibits', 'Paddling', 'Park Film', 'Shopping', 'Skiing', 'Snow Play', 'Snowshoeing', 'Swimming', 'Wildlife Watching']"
259,Lava Beds National Monument,"['Astronomy', 'Auto and ATV', 'Biking', 'Camping', 'Caving', 'Food', 'Guided Tours', 'Hiking', 'Junior Ranger Program', 'Museum Exhibits', 'Park Film', 'Shopping', 'Skiing', 'Wildlife Watching']"
260,Lewis & Clark National Historic Trail,"['Auto and ATV', 'Biking', 'Boating', 'Fishing', 'Guided Tours', 'Hiking', 'Junior Ranger Program', 'Living History', 'Museum Exhibits', 'Shopping', 'Snowshoeing', 'Wildlife Watching']"
261,Lewis and Clark National Historical Park,"['Fishing', 'Food', 'Guided Tours', 'Hiking', 'Hunting and Gathering', 'Junior Ranger Program', 'Living History', 'Museum Exhibits', 'Paddling', 'Park Film', 'Shopping', 'Wildlife Watching']"
262,Lincoln Boyhood National Memorial,"['Arts and Culture', 'Biking', 'Guided Tours', 'Hiking', 'Junior Ranger Program', 'Living History', 'Museum Exhibits', 'Park Film', 'Shopping']"
263,Lincoln Home National Historic Site,"['Arts and Culture', 'Guided Tours', 'Hands-On', 'Junior Ranger Program', 'Living History', 'Museum Exhibits', 'Park Film', 'Shopping', 'Wildlife Watching']"
264,Lincoln Memorial,"['Guided Tours', 'Junior Ranger Program', 'Shopping']"
265,Little Bighorn Battlefield National Monument,"['Auto and ATV', 'Guided Tours', 'Junior Ranger Program', 'Museum Exhibits', 'Shopping']"
266,Little River Canyon National Preserve,"['Auto and ATV', 'Biking', 'Climbing', 'Fishing', 'Food', 'Hiking', 'Horse Trekking', 'Hunting and Gathering', 'Junior Ranger Program', 'Paddling', 'Shopping', 'Swimming', 'Wildlife Watching']"
267,Little Rock Central High School National Historic Site,"['Arts and Culture', 'Guided Tours', 'Junior Ranger Program', 'Museum Exhibits', 'Park Film', 'Shopping']"
268,Longfellow House Washington's Headquarters National Historic Site,"['Arts and Culture', 'Guided Tours', 'Hands-On', 'Junior Ranger Program', 'Museum Exhibits']"
269,Lowell National Historical Park,"['Arts and Culture', 'Boating', 'Guided Tours', 'Hands-On', 'Junior Ranger Program', 'Museum Exhibits', 'Park Film', 'Shopping']"
270,Lower Delaware National Wild and Scenic River,"['Auto and ATV', 'Boating', 'Camping', 'Fishing', 'Food', 'Hiking', 'Junior Ranger Program', 'Paddling']"
271,Lower East Side Tenement Museum National Historic Site,"['Arts and Culture', 'Guided Tours', 'Living History', 'Museum Exhibits', 'Shopping']"
272,Lyndon B Johnson National Historical Park,"['Guided Tours', 'Junior Ranger Program', 'Museum Exhibits', 'Park Film', 'Shopping']"
273,Maggie L Walker National Historic Site,"['Guided Tours', 'Shopping']"
274,Maine Acadian Culture,"['Arts and Culture', 'Fishing', 'Food', 'Museum Exhibits']"
275,Mammoth Cave National Park,"['Astronomy', 'Biking', 'Boating', 'Camping', 'Caving', 'Fishing', 'Food', 'Guided Tours', 'Hands-On', 'Hiking', 'Horse Trekking', 'Junior Ranger Program', 'Paddling', 'Park Film', 'Shopping', 'Wildlife Watching']"
276,Manassas National Battlefield Park,"['Fishing', 'Guided Tours', 'Hiking', 'Horse Trekking', 'Junior Ranger Program', 'Living History', 'Museum Exhibits', 'Park Film']"
277,Manhattan Project National Historical Park,"['Guided Tours', 'Junior Ranger Program', 'Museum Exhibits']"
278,Manzanar National Historic Site,"['Biking', 'Food', 'Guided Tours', 'Junior Ranger Program', 'Museum Exhibits', 'Park Film', 'Shopping', 'Wildlife Watching']"
279,Marsh - Billings - Rockefeller National Historical Park,"['Arts and Culture', 'Compass and GPS', 'Food', 'Guided Tours', 'Hands-On', 'Hiking', 'Horse Trekking', 'Junior Ranger Program', 'Museum Exhibits', 'Paddling', 'Park Film', 'Shopping', 'Skiing', 'Snow Play', 'Snowshoeing', 'Wildlife Watching']"
280,"Martin Luther King, Jr. Memorial","['Guided Tours', 'Junior Ranger Program', 'Shopping']"
281,"Martin Luther King, Jr. National Historical Park","['Arts and Culture', 'Guided Tours', 'Junior Ranger Program', 'Museum Exhibits', 'Shopping']"
282,Martin Van Buren National Historic Site,"['Arts and Culture', 'Compass and GPS', 'Food', 'Guided Tours', 'Junior Ranger Program', 'Park Film', 'Shopping', 'Wildlife Watching']"
283,Mary McLeod Bethune Council House National Historic Site,"['Guided Tours', 'Junior Ranger Program', 'Museum Exhibits', 'Park Film', 'Shopping']"
284,Mesa Verde National Park,"['Astronomy', 'Auto and ATV', 'Biking', 'Camping', 'Food', 'Guided Tours', 'Hiking', 'Junior Ranger Program', 'Museum Exhibits', 'Park Film', 'Shopping', 'Skiing', 'Snowshoeing', 'Wildlife Watching']"
285,Mill Springs Battlefield National Monument,"['Guided Tours', 'Museum Exhibits']"
286,Minidoka National Historic Site,"['Guided Tours', 'Junior Ranger Program', 'Museum Exhibits']"
287,Minute Man National Historical Park,"['Guided Tours', 'Hiking', 'Junior Ranger Program', 'Living History', 'Shopping']"
288,Minuteman Missile National Historic Site,"['Guided Tours', 'Junior Ranger Program', 'Museum Exhibits', 'Park Film', 'Shopping']"
289,Mississippi National River & Recreation Area,"['Biking', 'Boating', 'Compass and GPS', 'Fishing', 'Hiking', 'Hunting and Gathering', 'Junior Ranger Program', 'Living History', 'Museum Exhibits', 'Paddling', 'Skiing', 'Snow Play', 'Wildlife Watching']"
290,Missouri National Recreational River,"['Astronomy', 'Auto and ATV', 'Biking', 'Boating', 'Camping', 'Fishing', 'Food', 'Guided Tours', 'Hands-On', 'Hiking', 'Hunting and Gathering', 'Junior Ranger Program', 'Living History', 'Museum Exhibits', 'Paddling', 'Park Film', 'Playground', 'Shopping', 'Skiing', 'Swimming', 'Wildlife Watching']"
291,Mojave National Preserve,"['Astronomy', 'Auto and ATV', 'Biking', 'Camping', 'Food', 'Hiking', 'Horse Trekking', 'Hunting and Gathering', 'Junior Ranger Program', 'Museum Exhibits', 'Park Film', 'Shopping', 'Wildlife Watching']"
292,Monocacy National Battlefield,"['Auto and ATV', 'Guided Tours', 'Hiking', 'Junior Ranger Program', 'Living History', 'Museum Exhibits', 'Paddling', 'Shopping']"
293,Montezuma Castle National Monument,"['Arts and Culture', 'Astronomy', 'Camping', 'Food', 'Guided Tours', 'Hiking', 'Junior Ranger Program', 'Museum Exhibits', 'Shopping', 'Wildlife Watching']"
294,Moores Creek National Battlefield,"['Arts and Culture', 'Fishing', 'Guided Tours', 'Junior Ranger Program', 'Living History', 'Museum Exhibits', 'Paddling', 'Park Film', 'Shopping']"
295,Mormon Pioneer National Historic Trail,"['Auto and ATV', 'Guided Tours', 'Hiking', 'Horse Trekking', 'Museum Exhibits']"
296,Morristown National Historical Park,"['Arts and Culture', 'Biking', 'Guided Tours', 'Hiking', 'Horse Trekking', 'Junior Ranger Program', 'Living History', 'Museum Exhibits', 'Park Film', 'Shopping', 'Wildlife Watching']"
297,Mount Rainier National Park,"['Astronomy', 'Auto and ATV', 'Biking', 'Camping', 'Climbing', 'Fishing', 'Food', 'Guided Tours', 'Hands-On', 'Hiking', 'Junior Ranger Program', 'Living History', 'Museum Exhibits', 'Park Film', 'Shopping', 'Skiing', 'Snow Play', 'Snowmobiling', 'Snowshoeing', 'Wildlife Watching']"
298,Mount Rushmore National Memorial,"['Food', 'Guided Tours', 'Junior Ranger Program', 'Museum Exhibits', 'Park Film', 'Shopping']"
299,Muir Woods National Monument,"['Food', 'Guided Tours', 'Hiking', 'Junior Ranger Program', 'Shopping', 'Wildlife Watching']"
300,Natchez National Historical Park,"['Guided Tours', 'Museum Exhibits', 'Shopping']"
301,Natchez Trace National Scenic Trail,"['Hiking', 'Horse Trekking']"
302,Natchez Trace Parkway,"['Astronomy', 'Auto and ATV', 'Biking', 'Camping', 'Fishing', 'Food', 'Guided Tours', 'Junior Ranger Program', 'Shopping', 'Wildlife Watching']"
303,National Capital Parks-East,['Biking']
304,National Mall and Memorial Parks,"['Arts and Culture', 'Biking', 'Boating', 'Fishing', 'Golfing', 'Guided Tours', 'Junior Ranger Program', 'Museum Exhibits', 'Shopping', 'Wildlife Watching']"
305,National Park of American Samoa,"['Arts and Culture', 'Hands-On', 'Hiking', 'Living History', 'Museum Exhibits', 'SCUBA Diving', 'Shopping', 'Snorkeling', 'Swimming', 'Wildlife Watching']"
306,National Parks of New York Harbor,"['Arts and Culture', 'Astronomy', 'Biking', 'Boating', 'Camping', 'Fishing', 'Food', 'Guided Tours', 'Hands-On', 'Hiking', 'Junior Ranger Program', 'Living History', 'Museum Exhibits', 'Paddling', 'Park Film', 'Shopping', 'Surfing', 'Swimming', 'Wildlife Watching']"
307,Natural Bridges National Monument,"['Astronomy', 'Camping', 'Hiking', 'Junior Ranger Program', 'Park Film', 'Shopping']"
308,Navajo National Monument,"['Arts and Culture', 'Astronomy', 'Camping', 'Guided Tours', 'Hiking', 'Junior Ranger Program', 'Shopping']"
309,New Bedford Whaling National Historical Park,"['Junior Ranger Program', 'Shopping']"
310,New England National Scenic Trail,"['Camping', 'Food', 'Hiking', 'Snowshoeing']"
311,New Orleans Jazz National Historical Park,"['Arts and Culture', 'Guided Tours', 'Junior Ranger Program']"
312,New River Gorge National Park & Preserve,"['Arts and Culture', 'Astronomy', 'Auto and ATV', 'Biking', 'Boating', 'Camping', 'Climbing', 'Fishing', 'Food', 'Guided Tours', 'Hiking', 'Horse Trekking', 'Hunting and Gathering', 'Junior Ranger Program', 'Museum Exhibits', 'Paddling', 'Park Film', 'Playground', 'Shopping', 'Wildlife Watching']"
313,Nez Perce National Historical Park,"['Arts and Culture', 'Food', 'Guided Tours', 'Hiking', 'Horse Trekking', 'Junior Ranger Program', 'Museum Exhibits', 'Park Film', 'Shopping', 'Wildlife Watching']"
314,Nicodemus National Historic Site,"['Guided Tours', 'Junior Ranger Program', 'Playground']"
315,Ninety Six National Historic Site,"['Fishing', 'Guided Tours', 'Horse Trekking', 'Junior Ranger Program', 'Living History', 'Museum Exhibits', 'Park Film', 'Shopping', 'Wildlife Watching']"
316,Niobrara National Scenic River,"['Astronomy', 'Biking', 'Camping', 'Fishing', 'Guided Tours', 'Hiking', 'Hunting and Gathering', 'Junior Ranger Program', 'Paddling', 'Park Film', 'Shopping', 'Tubing', 'Wildlife Watching']"
317,Noatak National Preserve,"['Boating', 'Camping', 'Fishing', 'Flying', 'Hands-On', 'Hiking', 'Hunting and Gathering', 'Junior Ranger Program', 'Museum Exhibits', 'Paddling', 'Wildlife Watching']"
318,North Cascades National Park,"['Auto and ATV', 'Biking', 'Boating', 'Camping', 'Climbing', 'Fishing', 'Guided Tours', 'Hands-On', 'Hiking', 'Horse Trekking', 'Junior Ranger Program', 'Paddling', 'Shopping']"
319,North Country National Scenic Trail,"['Biking', 'Camping', 'Guided Tours', 'Hiking', 'Horse Trekking', 'Shopping', 'Skiing', 'Snowshoeing', 'Wildlife Watching']"
320,Obed Wild & Scenic River,"['Astronomy', 'Camping', 'Climbing', 'Fishing', 'Hiking', 'Hunting and Gathering', 'Junior Ranger Program', 'Paddling', 'Park Film', 'Wildlife Watching']"
321,Ocmulgee Mounds National Historical Park,"['Biking', 'Fishing', 'Food', 'Guided Tours', 'Hiking', 'Junior Ranger Program', 'Museum Exhibits', 'Park Film', 'Shopping', 'Wildlife Watching']"
322,Oklahoma City National Memorial,"['Guided Tours', 'Junior Ranger Program']"
323,Old Spanish National Historic Trail,"['Arts and Culture', 'Auto and ATV', 'Hiking', 'Horse Trekking']"
324,Olympic National Park,"['Astronomy', 'Biking', 'Boating', 'Camping', 'Climbing', 'Fishing', 'Food', 'Guided Tours', 'Hands-On', 'Hiking', 'Horse Trekking', 'Junior Ranger Program', 'Museum Exhibits', 'Paddling', 'Park Film', 'Shopping', 'Skiing', 'Snow Play', 'Snowshoeing', 'Surfing', 'Swimming', 'Tubing', 'Wildlife Watching']"
325,Oregon Caves National Monument & Preserve,"['Camping', 'Caving', 'Food', 'Guided Tours', 'Hands-On', 'Hiking', 'Hunting and Gathering', 'Junior Ranger Program', 'Museum Exhibits', 'Shopping', 'Swimming', 'Wildlife Watching']"
326,Oregon National Historic Trail,"['Auto and ATV', 'Guided Tours', 'Hiking', 'Horse Trekking', 'Museum Exhibits']"
327,Organ Pipe Cactus National Monument,"['Astronomy', 'Auto and ATV', 'Biking', 'Camping', 'Guided Tours', 'Hiking', 'Horse Trekking', 'Junior Ranger Program', 'Museum Exhibits', 'Park Film', 'Shopping', 'Wildlife Watching']"
328,Overmountain Victory National Historic Trail,"['Auto and ATV', 'Biking', 'Guided Tours', 'Hiking', 'Horse Trekking', 'Junior Ranger Program', 'Museum Exhibits', 'Park Film', 'Shopping', 'Wildlife Watching']"
329,Oxon Cove  Park & Oxon Hill Farm,"['Biking', 'Food', 'Guided Tours', 'Hands-On', 'Hiking', 'Junior Ranger Program', 'Museum Exhibits', 'Shopping', 'Wildlife Watching']"
330,Ozark National Scenic Riverways,"['Auto and ATV', 'Camping', 'Caving', 'Fishing', 'Guided Tours', 'Hiking', 'Hunting and Gathering', 'Paddling', 'Park Film', 'Tubing', 'Wildlife Watching']"
331,Padre Island National Seashore,"['Arts and Culture', 'Auto and ATV', 'Biking', 'Boating', 'Camping', 'Fishing', 'Junior Ranger Program', 'Paddling', 'Shopping', 'Swimming', 'Wildlife Watching']"
332,Palo Alto Battlefield National Historical Park,"['Arts and Culture', 'Biking', 'Guided Tours', 'Hiking', 'Junior Ranger Program', 'Living History', 'Museum Exhibits', 'Park Film', 'Shopping', 'Wildlife Watching']"
333,Paterson Great Falls National Historical Park,"['Arts and Culture', 'Food', 'Guided Tours', 'Junior Ranger Program']"
334,Pea Ridge National Military Park,"['Biking', 'Guided Tours', 'Hiking', 'Horse Trekking', 'Junior Ranger Program', 'Living History', 'Museum Exhibits', 'Park Film', 'Shopping', 'Wildlife Watching']"
335,Pearl Harbor National Memorial,"['Guided Tours', 'Junior Ranger Program', 'Museum Exhibits', 'Park Film', 'Shopping']"
336,Pecos National Historical Park,"['Arts and Culture', 'Fishing', 'Food', 'Guided Tours', 'Hiking', 'Junior Ranger Program', 'Living History', 'Shopping']"
337,Pennsylvania Avenue,"['Guided Tours', 'Junior Ranger Program']"
338,Perry's Victory & International Peace Memorial,"['Arts and Culture', 'Astronomy', 'Biking', 'Boating', 'Fishing', 'Junior Ranger Program', 'Living History', 'Museum Exhibits', 'Paddling', 'Park Film', 'Wildlife Watching']"
339,Petersburg National Battlefield,"['Auto and ATV', 'Biking', 'Fishing', 'Guided Tours', 'Hiking', 'Horse Trekking', 'Junior Ranger Program', 'Shopping']"
340,Petrified Forest National Park,"['Arts and Culture', 'Astronomy', 'Auto and ATV', 'Biking', 'Camping', 'Compass and GPS', 'Food', 'Guided Tours', 'Hands-On', 'Hiking', 'Horse Trekking', 'Junior Ranger Program', 'Museum Exhibits', 'Park Film', 'Shopping', 'Wildlife Watching']"
341,Petroglyph National Monument,"['Hiking', 'Junior Ranger Program', 'Park Film', 'Shopping', 'Wildlife Watching']"
342,Pictured Rocks National Lakeshore,"['Astronomy', 'Auto and ATV', 'Biking', 'Boating', 'Camping', 'Climbing', 'Fishing', 'Food', 'Guided Tours', 'Hands-On', 'Hiking', 'Hunting and Gathering', 'Junior Ranger Program', 'Museum Exhibits', 'Paddling', 'SCUBA Diving', 'Shopping', 'Skiing', 'Snow Play', 'Snowmobiling', 'Snowshoeing', 'Swimming', 'Wildlife Watching']"
343,Pinnacles National Park,"['Astronomy', 'Biking', 'Camping', 'Caving', 'Climbing', 'Food', 'Hands-On', 'Hiking', 'Junior Ranger Program', 'Park Film', 'Shopping', 'Wildlife Watching']"
344,Pipe Spring National Monument,"['Arts and Culture', 'Astronomy', 'Camping', 'Food', 'Guided Tours', 'Hands-On', 'Hiking', 'Junior Ranger Program', 'Living History', 'Park Film', 'Shopping']"
345,Pipestone National Monument,"['Arts and Culture', 'Food', 'Guided Tours', 'Junior Ranger Program', 'Museum Exhibits', 'Park Film', 'Shopping', 'Snowshoeing', 'Wildlife Watching']"
346,Piscataway Park,"['Boating', 'Fishing']"
347,Point Reyes National Seashore,"['Biking', 'Camping', 'Fishing', 'Food', 'Guided Tours', 'Hiking', 'Horse Trekking', 'Junior Ranger Program', 'Paddling', 'Park Film', 'Shopping', 'Wildlife Watching']"
348,Pony Express National Historic Trail,"['Auto and ATV', 'Guided Tours', 'Hiking', 'Horse Trekking', 'Living History', 'Museum Exhibits']"
349,Port Chicago Naval Magazine National Memorial,"['Guided Tours', 'Park Film']"
350,Potomac Heritage National Scenic Trail,"['Biking', 'Boating', 'Camping', 'Fishing', 'Food', 'Guided Tours', 'Hiking', 'Living History', 'Museum Exhibits', 'Paddling', 'Shopping']"
351,Poverty Point National Monument,"['Guided Tours', 'Hiking', 'Museum Exhibits']"
352,President William Jefferson Clinton Birthplace Home National Historic Site,"['Biking', 'Food', 'Guided Tours', 'Junior Ranger Program', 'Museum Exhibits', 'Shopping']"
353,President's Park (White House),"['Arts and Culture', 'Guided Tours', 'Junior Ranger Program', 'Museum Exhibits', 'Park Film', 'Shopping']"
354,Presidio of San Francisco,"['Arts and Culture', 'Biking', 'Golfing', 'Guided Tours', 'Hiking', 'Museum Exhibits', 'Wildlife Watching']"
355,Prince William Forest Park,"['Arts and Culture', 'Biking', 'Camping', 'Compass and GPS', 'Fishing', 'Food', 'Guided Tours', 'Hands-On', 'Hiking', 'Hunting and Gathering', 'Junior Ranger Program', 'Park Film', 'Playground', 'Shopping', 'Wildlife Watching']"
356,Pullman National Historical Park,"['Guided Tours', 'Museum Exhibits', 'Park Film', 'Shopping']"
357,Puʻuhonua o Hōnaunau National Historical Park,"['Arts and Culture', 'Fishing', 'Food', 'Guided Tours', 'Hiking', 'Junior Ranger Program', 'Museum Exhibits', 'Shopping', 'Snorkeling', 'Wildlife Watching']"
358,Puʻukoholā Heiau National Historic Site,"['Arts and Culture', 'Camping', 'Fishing', 'Guided Tours', 'Hiking', 'Junior Ranger Program', 'Museum Exhibits', 'Park Film', 'Shopping', 'Wildlife Watching']"
359,Rainbow Bridge National Monument,"['Boating', 'Guided Tours', 'Hiking', 'Junior Ranger Program']"
360,Reconstruction Era National Historical Park,"['Guided Tours', 'Shopping']"
361,Redwood National and State Parks,"['Arts and Culture', 'Auto and ATV', 'Biking', 'Camping', 'Hiking', 'Horse Trekking', 'Junior Ranger Program', 'Paddling', 'Park Film', 'Shopping', 'Tubing', 'Wildlife Watching']"
362,Richmond National Battlefield Park,"['Guided Tours', 'Hiking', 'Junior Ranger Program', 'Living History', 'Museum Exhibits', 'Park Film', 'Shopping']"
363,Rio Grande Wild & Scenic River,"['Boating', 'Camping', 'Fishing', 'Food', 'Hiking', 'Paddling', 'Wildlife Watching']"
364,River Raisin National Battlefield Park,"['Arts and Culture', 'Auto and ATV', 'Biking', 'Compass and GPS', 'Fishing', 'Food', 'Guided Tours', 'Hands-On', 'Hiking', 'Junior Ranger Program', 'Living History', 'Museum Exhibits', 'Paddling', 'Park Film', 'Shopping', 'Team Sports', 'Wildlife Watching']"
365,Rock Creek Park,"['Arts and Culture', 'Astronomy', 'Auto and ATV', 'Biking', 'Fishing', 'Food', 'Golfing', 'Guided Tours', 'Hiking', 'Horse Trekking', 'Junior Ranger Program', 'Museum Exhibits', 'Paddling', 'Playground', 'Shopping', 'Wildlife Watching']"
366,Rocky Mountain National Park,"['Auto and ATV', 'Biking', 'Camping', 'Climbing', 'Fishing', 'Food', 'Hands-On', 'Hiking', 'Horse Trekking', 'Junior Ranger Program', 'Park Film', 'Shopping', 'Skiing', 'Snow Play', 'Snowshoeing', 'Wildlife Watching']"
367,Roger Williams National Memorial,"['Arts and Culture', 'Food', 'Guided Tours', 'Junior Ranger Program', 'Living History', 'Shopping']"
368,Roosevelt Campobello International Park,['Museum Exhibits']
369,Rosie the Riveter WWII Home Front National Historical Park,"['Guided Tours', 'Living History', 'Museum Exhibits', 'Park Film']"
370,Russell Cave National Monument,"['Guided Tours', 'Hiking', 'Junior Ranger Program', 'Living History', 'Museum Exhibits', 'Shopping', 'Wildlife Watching']"
371,Sagamore Hill National Historic Site,"['Arts and Culture', 'Astronomy', 'Biking', 'Compass and GPS', 'Food', 'Guided Tours', 'Hands-On', 'Hiking', 'Junior Ranger Program', 'Living History', 'Museum Exhibits', 'Park Film', 'Shopping', 'Wildlife Watching']"
372,Saguaro National Park,"['Arts and Culture', 'Astronomy', 'Auto and ATV', 'Biking', 'Camping', 'Guided Tours', 'Hiking', 'Junior Ranger Program']"
373,Saint Croix Island International Historic Site,"['Junior Ranger Program', 'Paddling', 'Wildlife Watching']"
374,Saint Croix National Scenic Riverway,"['Boating', 'Camping', 'Fishing', 'Hands-On', 'Hiking', 'Hunting and Gathering', 'Junior Ranger Program', 'Paddling', 'Park Film', 'Tubing', 'Wildlife Watching']"
375,Saint Paul's Church National Historic Site,"['Arts and Culture', 'Food', 'Guided Tours', 'Hands-On', 'Museum Exhibits']"
376,Saint-Gaudens National Historical Park,"['Arts and Culture', 'Astronomy', 'Boating', 'Compass and GPS', 'Food', 'Guided Tours', 'Hands-On', 'Hiking', 'Junior Ranger Program', 'Museum Exhibits', 'Paddling', 'Park Film', 'Shopping', 'Skiing', 'Snow Play', 'Snowshoeing', 'Wildlife Watching']"
377,Salem Maritime National Historic Site,"['Guided Tours', 'Junior Ranger Program', 'Museum Exhibits']"
378,Salinas Pueblo Missions National Monument,"['Astronomy', 'Food', 'Guided Tours', 'Hiking', 'Junior Ranger Program', 'Museum Exhibits', 'Park Film', 'Shopping', 'Wildlife Watching']"
379,Salt River Bay National Historical Park and Ecological Preserve,"['Museum Exhibits', 'Paddling', 'SCUBA Diving', 'Snorkeling', 'Swimming']"
380,San Antonio Missions National Historical Park,"['Arts and Culture', 'Biking', 'Food', 'Guided Tours', 'Hands-On', 'Junior Ranger Program', 'Museum Exhibits', 'Paddling', 'Park Film', 'Shopping', 'Wildlife Watching']"
381,San Francisco Maritime National Historical Park,"['Arts and Culture', 'Boating', 'Guided Tours', 'Hands-On', 'Junior Ranger Program', 'Living History', 'Museum Exhibits', 'Shopping']"
382,San Juan Island National Historical Park,"['Arts and Culture', 'Biking', 'Food', 'Guided Tours', 'Hiking', 'Hunting and Gathering', 'Junior Ranger Program', 'Living History', 'Paddling', 'Shopping', 'Swimming', 'Wildlife Watching']"
383,San Juan National Historic Site,"['Arts and Culture', 'Food', 'Guided Tours', 'Hiking', 'Junior Ranger Program', 'Shopping', 'Wildlife Watching']"
384,Sand Creek Massacre National Historic Site,"['Guided Tours', 'Hiking', 'Shopping', 'Wildlife Watching']"
385,Santa Fe National Historic Trail,"['Arts and Culture', 'Auto and ATV', 'Guided Tours', 'Hiking', 'Junior Ranger Program', 'Museum Exhibits']"
386,Santa Monica Mountains National Recreation Area,"['Biking', 'Camping', 'Climbing', 'Compass and GPS', 'Hiking', 'Horse Trekking', 'Junior Ranger Program', 'Shopping']"
387,Saratoga National Historical Park,"['Arts and Culture', 'Auto and ATV', 'Biking', 'Food', 'Guided Tours', 'Hiking', 'Horse Trekking', 'Junior Ranger Program', 'Museum Exhibits', 'Park Film', 'Shopping', 'Skiing', 'Snow Play', 'Snowshoeing', 'Tubing', 'Wildlife Watching']"
388,Saugus Iron Works National Historic Site,"['Guided Tours', 'Junior Ranger Program', 'Museum Exhibits', 'Park Film', 'Shopping']"
389,Scotts Bluff National Monument,"['Arts and Culture', 'Hiking', 'Living History']"
390,Selma To Montgomery National Historic Trail,"['Guided Tours', 'Hands-On', 'Junior Ranger Program', 'Museum Exhibits', 'Park Film', 'Shopping']"
391,Sequoia & Kings Canyon National Parks,"['Astronomy', 'Auto and ATV', 'Camping', 'Caving', 'Climbing', 'Fishing', 'Food', 'Guided Tours', 'Hands-On', 'Hiking', 'Horse Trekking', 'Junior Ranger Program', 'Museum Exhibits', 'Park Film', 'Shopping', 'Skiing', 'Snow Play', 'Snowshoeing', 'Wildlife Watching']"
392,Shenandoah National Park,"['Astronomy', 'Biking', 'Camping', 'Climbing', 'Fishing', 'Food', 'Hands-On', 'Hiking', 'Horse Trekking', 'Junior Ranger Program', 'Museum Exhibits', 'Shopping', 'Wildlife Watching']"
393,Shiloh National Military Park,"['Arts and Culture', 'Auto and ATV', 'Biking', 'Food', 'Guided Tours', 'Junior Ranger Program', 'Living History', 'Museum Exhibits', 'Park Film', 'Shopping', 'Wildlife Watching']"
394,Sitka National Historical Park,"['Arts and Culture', 'Fishing', 'Food', 'Guided Tours', 'Hands-On', 'Hiking', 'Hunting and Gathering', 'Junior Ranger Program', 'Museum Exhibits', 'Park Film', 'Wildlife Watching']"
395,Sleeping Bear Dunes National Lakeshore,"['Astronomy', 'Biking', 'Camping', 'Fishing', 'Guided Tours', 'Hiking', 'Hunting and Gathering', 'Junior Ranger Program', 'Paddling', 'Skiing', 'Snowshoeing', 'Swimming', 'Tubing']"
396,Springfield Armory National Historic Site,"['Guided Tours', 'Junior Ranger Program', 'Museum Exhibits', 'Park Film', 'Shopping']"
397,Star-Spangled Banner National Historic Trail,"['Arts and Culture', 'Biking', 'Boating', 'Camping', 'Compass and GPS', 'Food', 'Guided Tours', 'Hiking', 'Junior Ranger Program', 'Living History', 'Museum Exhibits', 'Paddling']"
398,Statue Of Liberty National Monument,"['Food', 'Guided Tours', 'Junior Ranger Program', 'Museum Exhibits', 'Park Film', 'Shopping']"
399,Ste. Geneviève National Historical Park,"['Arts and Culture', 'Guided Tours', 'Junior Ranger Program', 'Museum Exhibits']"
400,Steamtown National Historic Site,"['Food', 'Guided Tours', 'Hands-On', 'Junior Ranger Program', 'Museum Exhibits', 'Park Film', 'Shopping']"
401,Stones River National Battlefield,"['Arts and Culture', 'Biking', 'Fishing', 'Food', 'Guided Tours', 'Hands-On', 'Hiking', 'Living History', 'Museum Exhibits', 'Park Film', 'Shopping', 'Wildlife Watching']"
402,Stonewall National Monument,"['Guided Tours', 'Museum Exhibits']"
403,Sunset Crater Volcano National Monument,"['Astronomy', 'Guided Tours', 'Junior Ranger Program', 'Museum Exhibits', 'Park Film', 'Shopping']"
404,Tallgrass Prairie National Preserve,"['Arts and Culture', 'Astronomy', 'Fishing', 'Food', 'Guided Tours', 'Hiking', 'Junior Ranger Program', 'Living History', 'Park Film', 'Shopping', 'Wildlife Watching']"
405,Thaddeus Kosciuszko National Memorial,"['Guided Tours', 'Junior Ranger Program']"
406,Theodore Roosevelt Birthplace National Historic Site,"['Guided Tours', 'Junior Ranger Program', 'Museum Exhibits', 'Park Film', 'Shopping']"
407,Theodore Roosevelt Inaugural National Historic Site,"['Arts and Culture', 'Food', 'Guided Tours', 'Hands-On', 'Junior Ranger Program', 'Living History', 'Museum Exhibits', 'Park Film']"
408,Theodore Roosevelt Island,"['Guided Tours', 'Hiking', 'Paddling', 'Wildlife Watching']"
409,Theodore Roosevelt National Park,"['Astronomy', 'Auto and ATV', 'Biking', 'Camping', 'Food', 'Guided Tours', 'Hiking', 'Horse Trekking', 'Junior Ranger Program', 'Museum Exhibits', 'Park Film', 'Shopping', 'Wildlife Watching']"
410,Thomas Cole National Historic Site,"['Arts and Culture', 'Guided Tours', 'Museum Exhibits', 'Wildlife Watching']"
411,Thomas Edison National Historical Park,"['Guided Tours', 'Junior Ranger Program']"
412,Thomas Jefferson Memorial,"['Guided Tours', 'Junior Ranger Program']"
413,Thomas Stone National Historic Site,"['Arts and Culture', 'Guided Tours', 'Hiking', 'Shopping', 'Wildlife Watching']"
414,Timpanogos Cave National Monument,"['Caving', 'Guided Tours', 'Hiking', 'Junior Ranger Program']"
415,Timucuan Ecological & Historic Preserve,"['Auto and ATV', 'Biking', 'Boating', 'Fishing', 'Food', 'Guided Tours', 'Hiking', 'Junior Ranger Program', 'Living History', 'Museum Exhibits', 'Paddling', 'Shopping', 'Swimming', 'Wildlife Watching']"
416,Tonto National Monument,"['Biking', 'Food', 'Guided Tours', 'Hiking', 'Junior Ranger Program', 'Museum Exhibits', 'Park Film', 'Shopping']"
417,Touro Synagogue National Historic Site,"['Arts and Culture', 'Guided Tours']"
418,Trail Of Tears National Historic Trail,"['Arts and Culture', 'Auto and ATV', 'Guided Tours', 'Museum Exhibits']"
419,Tule Lake National Monument,"['Guided Tours', 'Museum Exhibits', 'Shopping']"
420,Tule Springs Fossil Beds National Monument,"['Astronomy', 'Biking', 'Food', 'Hiking', 'Horse Trekking', 'Junior Ranger Program', 'Wildlife Watching']"
421,Tumacácori National Historical Park,"['Arts and Culture', 'Astronomy', 'Compass and GPS', 'Food', 'Guided Tours', 'Hiking', 'Junior Ranger Program', 'Living History', 'Museum Exhibits', 'Park Film', 'Shopping', 'Wildlife Watching']"
422,Tupelo National Battlefield,['Guided Tours']
423,Tuskegee Airmen National Historic Site,"['Guided Tours', 'Museum Exhibits', 'Park Film']"
424,Tuskegee Institute National Historic Site,"['Guided Tours', 'Junior Ranger Program', 'Museum Exhibits']"
425,Tuzigoot National Monument,"['Guided Tours', 'Hiking', 'Junior Ranger Program', 'Museum Exhibits', 'Shopping', 'Wildlife Watching']"
426,Ulysses S Grant National Historic Site,"['Biking', 'Compass and GPS', 'Guided Tours', 'Junior Ranger Program', 'Museum Exhibits', 'Park Film', 'Shopping', 'Wildlife Watching']"
427,Upper Delaware Scenic & Recreational River,"['Boating', 'Fishing', 'Junior Ranger Program', 'Museum Exhibits', 'Paddling']"
428,Valles Caldera National Preserve,"['Astronomy', 'Auto and ATV', 'Biking', 'Fishing', 'Food', 'Guided Tours', 'Hiking', 'Horse Trekking', 'Hunting and Gathering', 'Junior Ranger Program', 'Shopping', 'Skiing', 'Snowshoeing', 'Wildlife Watching']"
429,Valley Forge National Historical Park,"['Auto and ATV', 'Biking', 'Guided Tours', 'Hiking', 'Horse Trekking', 'Junior Ranger Program', 'Living History', 'Museum Exhibits', 'Park Film', 'Shopping', 'Wildlife Watching']"
430,Vanderbilt Mansion National Historic Site,"['Arts and Culture', 'Compass and GPS', 'Guided Tours', 'Hands-On', 'Hiking', 'Junior Ranger Program', 'Shopping']"
431,Vicksburg National Military Park,"['Auto and ATV', 'Biking', 'Food', 'Guided Tours', 'Hiking', 'Junior Ranger Program', 'Living History', 'Museum Exhibits', 'Park Film', 'Shopping']"
432,Vietnam Veterans Memorial,"['Guided Tours', 'Junior Ranger Program']"
433,Virgin Islands Coral Reef National Monument,"['Boating', 'Fishing', 'Paddling', 'SCUBA Diving', 'Snorkeling', 'Swimming', 'Wildlife Watching']"
434,Virgin Islands National Park,"['Arts and Culture', 'Astronomy', 'Boating', 'Camping', 'Fishing', 'Food', 'Guided Tours', 'Hiking', 'Paddling', 'SCUBA Diving', 'Shopping', 'Snorkeling', 'Swimming', 'Wildlife Watching']"
435,Voyageurs National Park,"['Arts and Culture', 'Astronomy', 'Biking', 'Boating', 'Camping', 'Fishing', 'Food', 'Guided Tours', 'Hiking', 'Junior Ranger Program', 'Living History', 'Museum Exhibits', 'Paddling', 'Park Film', 'Shopping', 'Skiing', 'Snowmobiling', 'Snowshoeing', 'Swimming', 'Tubing', 'Water Skiing', 'Wildlife Watching']"
436,Waco Mammoth National Monument,"['Guided Tours', 'Hands-On']"
437,Walnut Canyon National Monument,"['Guided Tours', 'Hiking', 'Junior Ranger Program', 'Park Film', 'Shopping']"
438,War In The Pacific National Historical Park,"['Astronomy', 'Museum Exhibits', 'Snorkeling']"
439,Washington Monument,"['Guided Tours', 'Junior Ranger Program', 'Shopping']"
440,Washita Battlefield National Historic Site,"['Arts and Culture', 'Guided Tours', 'Hands-On', 'Hiking', 'Junior Ranger Program', 'Living History', 'Museum Exhibits', 'Park Film', 'Shopping']"
441,Weir Farm National Historical Park,"['Arts and Culture', 'Guided Tours', 'Hands-On', 'Hiking', 'Junior Ranger Program', 'Museum Exhibits', 'Park Film', 'Shopping', 'Wildlife Watching']"
442,Whiskeytown National Recreation Area,"['Astronomy', 'Biking', 'Boating', 'Camping', 'Fishing', 'Food', 'Guided Tours', 'Hiking', 'Horse Trekking', 'Hunting and Gathering', 'Junior Ranger Program', 'Living History', 'Museum Exhibits', 'Paddling', 'SCUBA Diving', 'Shopping', 'Swimming', 'Water Skiing', 'Wildlife Watching']"
443,White Sands National Park,"['Auto and ATV', 'Biking', 'Camping', 'Food', 'Guided Tours', 'Hiking', 'Junior Ranger Program']"
444,Whitman Mission National Historic Site,"['Arts and Culture', 'Food', 'Guided Tours', 'Hiking', 'Junior Ranger Program', 'Museum Exhibits', 'Park Film', 'Shopping', 'Wildlife Watching']"
445,William Howard Taft National Historic Site,"['Food', 'Guided Tours', 'Junior Ranger Program', 'Park Film', 'Shopping']"
446,Wilson's Creek National Battlefield,"['Arts and Culture', 'Auto and ATV', 'Biking', 'Food', 'Guided Tours', 'Hiking', 'Horse Trekking', 'Junior Ranger Program', 'Living History', 'Museum Exhibits', 'Park Film', 'Shopping', 'Wildlife Watching']"
447,Wind Cave National Park,"['Auto and ATV', 'Biking', 'Camping', 'Caving', 'Food', 'Guided Tours', 'Hiking', 'Horse Trekking', 'Junior Ranger Program', 'Museum Exhibits', 'Park Film', 'Shopping', 'Wildlife Watching']"
448,Wing Luke Museum Affiliated Area,"['Guided Tours', 'Museum Exhibits', 'Shopping']"
449,Wolf Trap National Park for the Performing Arts,"['Arts and Culture', 'Food', 'Guided Tours', 'Hiking', 'Junior Ranger Program']"
450,Women's Rights National Historical Park,"['Guided Tours', 'Junior Ranger Program', 'Museum Exhibits', 'Park Film']"
451,World War I Memorial,['Guided Tours']
452,World War II Memorial,"['Guided Tours', 'Junior Ranger Program']"
453,Wrangell - St Elias National Park & Preserve,"['Arts and Culture', 'Auto and ATV', 'Biking', 'Boating', 'Camping', 'Canyoneering', 'Climbing', 'Fishing', 'Flying', 'Food', 'Guided Tours', 'Hiking', 'Hunting and Gathering', 'Junior Ranger Program', 'Museum Exhibits', 'Paddling', 'Park Film', 'Shopping', 'Snowmobiling', 'Snowshoeing', 'Wildlife Watching']"
454,Wright Brothers National Memorial,"['Flying', 'Junior Ranger Program', 'Museum Exhibits', 'Shopping']"
455,Wupatki National Monument,"['Auto and ATV', 'Biking', 'Food', 'Guided Tours', 'Hands-On', 'Hiking', 'Junior Ranger Program', 'Museum Exhibits', 'Park Film', 'Shopping', 'Wildlife Watching']"
456,Yellowstone National Park,"['Arts and Culture', 'Astronomy', 'Auto and ATV', 'Biking', 'Boating', 'Camping', 'Fishing', 'Food', 'Guided Tours', 'Hands-On', 'Hiking', 'Horse Trekking', 'Junior Ranger Program', 'Museum Exhibits', 'Paddling', 'Park Film', 'Shopping', 'Skiing', 'Snow Play', 'Snowmobiling', 'Snowshoeing', 'Swimming', 'Wildlife Watching']"
457,Yorktown Battlefield Part of Colonial National Historical Park,"['Biking', 'Guided Tours', 'Hiking', 'Horse Trekking', 'Junior Ranger Program', 'Living History', 'Museum Exhibits', 'Park Film', 'Shopping', 'Wildlife Watching']"
458,Yosemite National Park,"['Arts and Culture', 'Astronomy', 'Auto and ATV', 'Biking', 'Boating', 'Camping', 'Climbing', 'Fishing', 'Food', 'Guided Tours', 'Hands-On', 'Hiking', 'Horse Trekking', 'Ice Skating', 'Junior Ranger Program', 'Living History', 'Museum Exhibits', 'Paddling', 'Park Film', 'Shopping', 'Skiing', 'Snow Play', 'Snowshoeing', 'Swimming', 'Tubing', 'Wildlife Watching']"
459,Yucca House National Monument,['Guided Tours']
460,Yukon - Charley Rivers National Preserve,"['Boating', 'Camping', 'Dog Sledding', 'Fishing', 'Hiking', 'Hunting and Gathering', 'Paddling', 'Skiing', 'Snowmobiling', 'Wildlife Watching']"
461,Zion National Park,"['Arts and Culture', 'Astronomy', 'Biking', 'Camping', 'Canyoneering', 'Climbing', 'Guided Tours', 'Hiking', 'Junior Ranger Program', 'Museum Exhibits', 'Park Film', 'Shopping', 'Wildlife Watching']"
